{"__symbolic":"module","version":4,"metadata":{"NavbarComponent":{"__symbolic":"class","decorators":[{"__symbolic":"call","expression":{"__symbolic":"reference","module":"@angular/core","name":"Component","line":3,"character":1},"arguments":[{"selector":"app-navbar","template":"<nav>\r\n  <a *ngFor=\"let item of items\" [routerLink]=\"item.url\" routerLinkActive=\"active\">{{item.nombre}}</a>\r\n</nav>","styles":[":host{border:0 solid #e1e1e1;border-bottom-width:1px;display:block;height:48px;padding:0 16px}nav a{color:#8f8f8f;font-size:14px;font-weight:500;line-height:48px;margin-right:20px;text-decoration:none;vertical-align:middle;cursor:pointer}nav a.router-link-active{color:#106cc8}"]}]}],"members":{"items":[{"__symbolic":"property","decorators":[{"__symbolic":"call","expression":{"__symbolic":"reference","module":"@angular/core","name":"Input","line":10,"character":3}}]}],"__ctor__":[{"__symbolic":"constructor"}],"ngOnInit":[{"__symbolic":"method"}]}},"NavbarModule":{"__symbolic":"class","decorators":[{"__symbolic":"call","expression":{"__symbolic":"reference","module":"@angular/core","name":"NgModule","line":8,"character":1},"arguments":[{"declarations":[{"__symbolic":"reference","name":"NavbarComponent"}],"imports":[{"__symbolic":"reference","module":"@angular/platform-browser","name":"BrowserModule","line":10,"character":12},{"__symbolic":"reference","module":"@angular/common","name":"CommonModule","line":10,"character":27},{"__symbolic":"reference","module":"@angular/router","name":"RouterModule","line":10,"character":41}],"exports":[{"__symbolic":"reference","name":"NavbarComponent"}]}]}],"members":{}},"Item":{"__symbolic":"class","members":{}}},"origins":{"NavbarComponent":"./lib/navbar.component","NavbarModule":"./lib/navbar.module","Item":"./lib/modelo/item"},"importAs":"@ceiba/navbar"}