{"__symbolic":"module","version":4,"metadata":{"ToolbarComponent":{"__symbolic":"class","decorators":[{"__symbolic":"call","expression":{"__symbolic":"reference","module":"@angular/core","name":"Component","line":2,"character":1},"arguments":[{"selector":"app-toolbar","template":"<h1>Angular Seed</h1>\r\n<div class=\"more\"></div>\r\n","styles":[":host{background-color:#106cc8;color:rgba(255,255,255,.87);display:block;height:48px;padding:0 16px}h1{display:inline;font-size:20px;font-weight:400;letter-spacing:.1px;line-height:48px}.more{background:url(/assets/svg/more.svg);float:right;height:24px;margin-top:12px;width:24px}"]}]}],"members":{"__ctor__":[{"__symbolic":"constructor"}],"ngOnInit":[{"__symbolic":"method"}]}},"ToolbarModule":{"__symbolic":"class","decorators":[{"__symbolic":"call","expression":{"__symbolic":"reference","module":"@angular/core","name":"NgModule","line":5,"character":1},"arguments":[{"declarations":[{"__symbolic":"reference","name":"ToolbarComponent"}],"imports":[],"exports":[{"__symbolic":"reference","name":"ToolbarComponent"}]}]}],"members":{}}},"origins":{"ToolbarComponent":"./lib/toolbar.component","ToolbarModule":"./lib/toolbar.module"},"importAs":"@ceiba/toolbar"}